Sheet Number,Sheet Name
10602574-DW-SCIND01,Chilled water Scheme - Building D
10602574-DW-SCIND02,Heated water Scheme - Building D
10602574-DW-L1EQD01,Equipment Layout Plan - Building D
10602574-DW-SCCOD01,Control Architecture Building D
10602574-DW-L0CLD01,Diffuser layout Level 0 Building D
10602574-DW-L1CLD01,Diffuser layout Level 1 Building D
10602574-DW-L0CLD02,General airduct layout Level 0 Building D
10602574-DW-L1CLD02,General airduct layout Level 1 Building D
10602574-DW-L1IND01,General piping layout level 1 - Building D
